freq,tra_type,tra_oper,unit,geo,time,value
Annual,Total,Total - total transport,Million tonne-kilometre (TKM),Germany,2000,280708
Annual,Total,Total - total transport,Million tonne-kilometre (TKM),Germany,2001,288964
Annual,Total,Total - total transport,Million tonne-kilometre (TKM),Germany,2002,285214
Annual,Total,Total - total transport,Million tonne-kilometre (TKM),Germany,2003,290745
Annual,Total,Total - total transport,Million tonne-kilometre (TKM),Germany,2004,303752
Annual,Total,Total - total transport,Million tonne-kilometre (TKM),Germany,2005,310103
Annual,Total,Total - total transport,Million tonne-kilometre (TKM),Germany,2006,330016
Annual,Total,Total - total transport,Million tonne-kilometre (TKM),Germany,2007,343447
Annual,Total,Total - total transport,Million tonne-kilometre (TKM),Germany,2008,341532
Annual,Total,Total - total transport,Million tonne-kilometre (TKM),Germany,2009,307547
Annual,Total,Total - total transport,Million tonne-kilometre (TKM),Germany,2010,313104
Annual,Total,Total - total transport,Million tonne-kilometre (TKM),Germany,2011,323833
Annual,Total,Total - total transport,Million tonne-kilometre (TKM),Germany,2012,307009
Annual,Total,Total - total transport,Million tonne-kilometre (TKM),Germany,2013,305744
Annual,Total,Total - total transport,Million tonne-kilometre (TKM),Germany,2014,310142
Annual,Total,Total - total transport,Million tonne-kilometre (TKM),Germany,2015,314816
Annual,Total,Total - total transport,Million tonne-kilometre (TKM),Germany,2016,315774
Annual,Total,Total - total transport,Million tonne-kilometre (TKM),Germany,2017,313149
Annual,Total,Total - total transport,Million tonne-kilometre (TKM),Germany,2018,316772
Annual,Total,Total - total transport,Million tonne-kilometre (TKM),Germany,2019,311875
Annual,Total,Total - total transport,Million tonne-kilometre (TKM),Germany,2020,304613
Annual,Total,Total - total transport,Million tonne-kilometre (TKM),Germany,2021,307272
Annual,Total,Total - total transport,Million tonne-kilometre (TKM),Germany,2022,303948
Annual,Total,Total - total transport,Million tonne-kilometre (TKM),Germany,2023,286408
Annual,Total,Total - total transport,Million tonne-kilometre (TKM),Germany,2024,280840
Annual,Total,Total - total transport,Million tonne-kilometre (TKM),France,2000,203999
Annual,Total,Total - total transport,Million tonne-kilometre (TKM),France,2001,206870
Annual,Total,Total - total transport,Million tonne-kilometre (TKM),France,2002,204359
Annual,Total,Total - total transport,Million tonne-kilometre (TKM),France,2003,203608
Annual,Total,Total - total transport,Million tonne-kilometre (TKM),France,2004,212201
Annual,Total,Total - total transport,Million tonne-kilometre (TKM),France,2005,205284
Annual,Total,Total - total transport,Million tonne-kilometre (TKM),France,2006,211445
Annual,Total,Total - total transport,Million tonne-kilometre (TKM),France,2007,219212
Annual,Total,Total - total transport,Million tonne-kilometre (TKM),France,2008,206304
Annual,Total,Total - total transport,Million tonne-kilometre (TKM),France,2009,173621
Annual,Total,Total - total transport,Million tonne-kilometre (TKM),France,2010,182193
Annual,Total,Total - total transport,Million tonne-kilometre (TKM),France,2011,185685
Annual,Total,Total - total transport,Million tonne-kilometre (TKM),France,2012,172445
Annual,Total,Total - total transport,Million tonne-kilometre (TKM),France,2013,171472
Annual,Total,Total - total transport,Million tonne-kilometre (TKM),France,2014,165225
Annual,Total,Total - total transport,Million tonne-kilometre (TKM),France,2015,153580
Annual,Total,Total - total transport,Million tonne-kilometre (TKM),France,2016,155843
Annual,Total,Total - total transport,Million tonne-kilometre (TKM),France,2017,167691
Annual,Total,Total - total transport,Million tonne-kilometre (TKM),France,2018,171875
Annual,Total,Total - total transport,Million tonne-kilometre (TKM),France,2019,174061
Annual,Total,Total - total transport,Million tonne-kilometre (TKM),France,2020,169663
Annual,Total,Total - total transport,Million tonne-kilometre (TKM),France,2021,174853
Annual,Total,Total - total transport,Million tonne-kilometre (TKM),France,2022,173353
Annual,Total,Total - total transport,Million tonne-kilometre (TKM),France,2023,169240
Annual,Total,Total - total transport,Million tonne-kilometre (TKM),France,2024,174015
Annual,Total,Total - total transport,Million tonne-kilometre (TKM),Spain,2000,148717
Annual,Total,Total - total transport,Million tonne-kilometre (TKM),Spain,2001,161045
Annual,Total,Total - total transport,Million tonne-kilometre (TKM),Spain,2002,184549
Annual,Total,Total - total transport,Million tonne-kilometre (TKM),Spain,2003,192596
Annual,Total,Total - total transport,Million tonne-kilometre (TKM),Spain,2004,220822
Annual,Total,Total - total transport,Million tonne-kilometre (TKM),Spain,2005,233230
Annual,Total,Total - total transport,Million tonne-kilometre (TKM),Spain,2006,241788
Annual,Total,Total - total transport,Million tonne-kilometre (TKM),Spain,2007,258875
Annual,Total,Total - total transport,Million tonne-kilometre (TKM),Spain,2008,242983
Annual,Total,Total - total transport,Million tonne-kilometre (TKM),Spain,2009,211895
Annual,Total,Total - total transport,Million tonne-kilometre (TKM),Spain,2010,210068
Annual,Total,Total - total transport,Million tonne-kilometre (TKM),Spain,2011,206843
Annual,Total,Total - total transport,Million tonne-kilometre (TKM),Spain,2012,199209
Annual,Total,Total - total transport,Million tonne-kilometre (TKM),Spain,2013,192597
Annual,Total,Total - total transport,Million tonne-kilometre (TKM),Spain,2014,195767
Annual,Total,Total - total transport,Million tonne-kilometre (TKM),Spain,2015,209390
Annual,Total,Total - total transport,Million tonne-kilometre (TKM),Spain,2016,216997
Annual,Total,Total - total transport,Million tonne-kilometre (TKM),Spain,2017,231109
Annual,Total,Total - total transport,Million tonne-kilometre (TKM),Spain,2018,238994
Annual,Total,Total - total transport,Million tonne-kilometre (TKM),Spain,2019,249559
Annual,Total,Total - total transport,Million tonne-kilometre (TKM),Spain,2020,242268
Annual,Total,Total - total transport,Million tonne-kilometre (TKM),Spain,2021,270176
Annual,Total,Total - total transport,Million tonne-kilometre (TKM),Spain,2022,266724
Annual,Total,Total - total transport,Million tonne-kilometre (TKM),Spain,2023,263382
Annual,Total,Total - total transport,Million tonne-kilometre (TKM),Spain,2024,271588
Annual,Total,Total - total transport,Million tonne-kilometre (TKM),Netherlands,2000,79565
Annual,Total,Total - total transport,Million tonne-kilometre (TKM),Netherlands,2001,78490
Annual,Total,Total - total transport,Million tonne-kilometre (TKM),Netherlands,2002,77415
Annual,Total,Total - total transport,Million tonne-kilometre (TKM),Netherlands,2003,79765
Annual,Total,Total - total transport,Million tonne-kilometre (TKM),Netherlands,2004,89695
Annual,Total,Total - total transport,Million tonne-kilometre (TKM),Netherlands,2005,84163
Annual,Total,Total - total transport,Million tonne-kilometre (TKM),Netherlands,2006,83193
Annual,Total,Total - total transport,Million tonne-kilometre (TKM),Netherlands,2007,77921
Annual,Total,Total - total transport,Million tonne-kilometre (TKM),Netherlands,2008,78159
Annual,Total,Total - total transport,Million tonne-kilometre (TKM),Netherlands,2009,72675
Annual,Total,Total - total transport,Million tonne-kilometre (TKM),Netherlands,2010,76836
Annual,Total,Total - total transport,Million tonne-kilometre (TKM),Netherlands,2011,75543
Annual,Total,Total - total transport,Million tonne-kilometre (TKM),Netherlands,2012,70085
Annual,Total,Total - total transport,Million tonne-kilometre (TKM),Netherlands,2013,72081
Annual,Total,Total - total transport,Million tonne-kilometre (TKM),Netherlands,2014,72338
Annual,Total,Total - total transport,Million tonne-kilometre (TKM),Netherlands,2015,68900
Annual,Total,Total - total transport,Million tonne-kilometre (TKM),Netherlands,2016,67779
Annual,Total,Total - total transport,Million tonne-kilometre (TKM),Netherlands,2017,67533
Annual,Total,Total - total transport,Million tonne-kilometre (TKM),Netherlands,2018,68876
Annual,Total,Total - total transport,Million tonne-kilometre (TKM),Netherlands,2019,68923
Annual,Total,Total - total transport,Million tonne-kilometre (TKM),Netherlands,2020,67594
Annual,Total,Total - total transport,Million tonne-kilometre (TKM),Netherlands,2021,69559
Annual,Total,Total - total transport,Million tonne-kilometre (TKM),Netherlands,2022,65466
Annual,Total,Total - total transport,Million tonne-kilometre (TKM),Netherlands,2023,62600
Annual,Total,Total - total transport,Million tonne-kilometre (TKM),Netherlands,2024,62883
Annual,Total,Total - total transport,Million tonne-kilometre (TKM),Poland,2004,102807
Annual,Total,Total - total transport,Million tonne-kilometre (TKM),Poland,2005,111826
Annual,Total,Total - total transport,Million tonne-kilometre (TKM),Poland,2006,128315
Annual,Total,Total - total transport,Million tonne-kilometre (TKM),Poland,2007,150879
Annual,Total,Total - total transport,Million tonne-kilometre (TKM),Poland,2008,164930
Annual,Total,Total - total transport,Million tonne-kilometre (TKM),Poland,2009,180742
Annual,Total,Total - total transport,Million tonne-kilometre (TKM),Poland,2010,202308
Annual,Total,Total - total transport,Million tonne-kilometre (TKM),Poland,2011,207651
Annual,Total,Total - total transport,Million tonne-kilometre (TKM),Poland,2012,222332
Annual,Total,Total - total transport,Million tonne-kilometre (TKM),Poland,2013,247594
Annual,Total,Total - total transport,Million tonne-kilometre (TKM),Poland,2014,250931
Annual,Total,Total - total transport,Million tonne-kilometre (TKM),Poland,2015,260713
Annual,Total,Total - total transport,Million tonne-kilometre (TKM),Poland,2016,290749
Annual,Total,Total - total transport,Million tonne-kilometre (TKM),Poland,2017,335220
Annual,Total,Total - total transport,Million tonne-kilometre (TKM),Poland,2018,315874
Annual,Total,Total - total transport,Million tonne-kilometre (TKM),Poland,2019,348952
Annual,Total,Total - total transport,Million tonne-kilometre (TKM),Poland,2020,354927
Annual,Total,Total - total transport,Million tonne-kilometre (TKM),Poland,2021,379820
Annual,Total,Total - total transport,Million tonne-kilometre (TKM),Poland,2022,385089
Annual,Total,Total - total transport,Million tonne-kilometre (TKM),Poland,2023,377873
Annual,Total,Total - total transport,Million tonne-kilometre (TKM),Poland,2024,368314
